{"cameraMode":{"drawMode":0,"name":"Shaded","section":"Shading Mode"},"sceneLighting":false,"audioPlay":false,"sceneViewState":{"showFog":true,"showMaterialUpdate":true,"showSkybox":false,"showFlares":true,"showImageEffects":true,"showParticleSystems":true},"in2DMode":false,"pivot":{"x":3.4019389152526857,"y":-11.779114723205567,"z":-10.512911796569825},"rotation":{"x":-3.431023003486189e-7,"y":-0.05097829923033714,"z":0.000009429611964151263,"w":0.998712956905365},"size":0.714142918586731,"orthographic":true}