{"cameraMode":{"drawMode":0,"name":"Shaded","section":"Shading Mode"},"sceneLighting":false,"audioPlay":false,"sceneViewState":{"showFog":true,"showMaterialUpdate":true,"showSkybox":false,"showFlares":true,"showImageEffects":true,"showParticleSystems":true},"in2DMode":false,"pivot":{"x":-0.7093048095703125,"y":0.3668212890625,"z":-1.7001953125},"rotation":{"x":0.043485913425683978,"y":-0.0038945460692048074,"z":0.00016946402320172638,"w":0.9990477561950684},"size":9.400546073913575,"orthographic":true}